Số bài viết,Tựa bài,Tóm tắt,Nội dung
1,Nấu đám miệt vườn,"Ẩm thực trong đám tiệc ở miền Tây tựa như bức tranh văn hoá đầy màu sắc, phản ánh được nếp sống, phong vị của đất và người nơi đây. Các món ăn đậm chất quê nhưng được chế biến cầu kỳ, qua bàn tay khéo léo của những thợ nấu là các mẹ, các dì, các chị tại nhà.","Người ta thường nói đất Nam Bộ là nơi xem trọng
lễ nghĩa, nên khi nhà có đám tiệc là khâu chuẩn bị
phải thật kỹ lưỡng. Ðồ ăn đãi khách tuy không là
sơn hào hải vị nhưng nhất định không thể thiếu các
món quen thuộc trên mâm cỗ như: thịt kho rệu, các
loại dưa chua, lẩu ngọt, bì cuốn... và món tráng
miệng là các loại bánh dân gian. Nhiều người hỏi,
thời đại này rồi sao không đổi thực đơn ăn cho đỡ
ngán, nhưng lỡ đổi thì lại thấy trống vắng một
cách lạ lùng, không còn dư vị chân chất, mộc mạc,
từ đó cũng mất đi giá trị cốt lõi của văn hoá ẩm
thực vùng sông nước miền Tây. Theo văn minh thời
đại, đi đám tiệc bây giờ là để thưởng thức, nhưng
về những vùng nông thôn, ăn đám là phải ăn no, ăn
để nhớ, hơn hết là để gắn kết tình làng nghĩa xóm.
Thế mới thấy, văn hoá ẩm thực chính là yếu tố quan
trọng để nhận diện bản sắc của một địa phương,
vùng miền. Các dì, các chị đến phụ, dù không là
thợ nấu nhưng họ rất khéo tay, tháo vát. Ở những
vùng nông thôn, mỗi dịp có đám tiệc, bà con, xóm
giềng lại tề tựu để phụ giúp gia chủ chuẩn bị các
món, tạo không khí nhộn nhịp, gắn kết. Ðặc biệt,
về Cà Mau ăn đám làm sao có thể thiếu món dưa chua
bồn bồn, thị kho rệu. Sau khi chuẩn bị xong thức
ăn, làm các thủ tục cúng kiếng ông bà, mâm tiệc sẽ
được dọn hết tất cả các món lên cho 1 bàn 10 người
dùng. Trong các đám tiệc gia chủ thường gói bánh
tét để biếu khách mang về. Hữu Nghĩa thực hiện"
2,Khu lưu niệm Chủ tịch Hội đồng Bộ trưởng Phạm Hùng,"Đất Vĩnh Long đã sinh ra những nhân tài ưu tú nước Việt: Chủ tịch Hội đồng Bộ trưởng Phạm Hùng (1912-1988), Giáo sư - Viện sĩ Trần Ðại Nghĩa (1913-1997), Thủ tướng Chính phủ Võ Văn Kiệt (1922-2008)... Những ai có dịp về với vùng đất địa linh nhân kiệt này không quên dừng chân tại Khu lưu niệm đồng chí Phạm Hùng để tham quan, thành kính thắp hương tri ân, tưởng nhớ người con ưu tú của dân tộc.","Trong suốt quá trình tham gia cách mạng, đấu
tranh giải phóng dân tộc, đồng chí Phạm Hùng đã bị
địch bắt giam cầm 33 năm, trong đó có 14 năm bị tù
đày khổ sai nơi địa ngục trần gian ở nhà tù Côn
Ðảo. Ðồng chí Phạm Hùng từng giữ nhiều chức vụ
quan trọng: Bí thư Trung ương Cục miền Nam
(1967-1975); Bộ trưởng Bộ Nội vụ (2/1980); Chủ
tịch Hội đồng Bộ trưởng (1987-1988). Ðồng chí từ
trần ngày 10/3/1988. Ðể tưởng nhớ công lao to lớn
của ông, ngày 2/10/2000, tỉnh Vĩnh Long đã khởi
công xây dựng Khu lưu niệm Chủ tịch Hội đồng Bộ
trưởng Phạm Hùng, tại ấp Long Thuận A, xã Long
Phước, huyện Long Hồ. Khu lưu niệm nhìn từ trên
cao, những vườn cây xanh mát, xung quanh là nhà
dân, như sự đùm bọc chở che đồng chí trong những
năm kháng chiến. Công trình có diện tích 3,2 ha,
cổng chính hướng về Quốc lộ 53, bên trái là gian
nhà lễ tân đón tiếp khách đến tham quan. Trung tâm
là Nhà tưởng niệm rộng 1.050 m2 dành để tiếp đón
các đoàn và Nhân dân đến thắp hương tưởng niệm.
Phía sau cùng là Nhà trưng bày hình ảnh, tư liệu,
hiện vật “Thân thế và sự nghiệp của đồng chí Phạm
Hùng”. Nhà tưởng niệm rộng 1.050 m2, dành để tiếp
đón các đoàn và Nhân dân đến thắp hương, tưởng
niệm. Ngoài ra, còn có một số hạng mục được phục
chế theo tỷ lệ 1/1, gồm: Phòng biệt giam đồng chí
Phạm Hùng tại Côn Ðảo từ 1934-1945; ngôi nhà làm
việc của đồng chí tại căn cứ Trung ương Cục miền
Nam (tỉnh Tây Ninh, từ năm 1967 đến ngày
30/4/1975) và căn phòng làm việc của đồng chí tại
Số 72, Phan Ðình Phùng - Hà Nội (từ 1958-1967 và
1978-1988). Tượng đồng chí Phạm Hùng tại nhà trưng
bày. Phòng biệt giam đồng chí Phạm Hùng tại Côn
Ðảo (từ năm 1934-1945), được tái hiện tại Khu lưu
niệm. Tranh trưng bày hình ảnh các đồng chí tham
gia Chiến dịch Giải phóng Sài Gòn - Gia Ðịnh. Khu
lưu niệm Chủ tịch Hội đồng Bộ trưởng Phạm Hùng
được xếp hạng là Di tích Lịch sử Quốc gia ngày
6/6/2012 và năm 2015 được Hiệp hội Du lịch Ðồng
bằng sông Cửu Long công nhận là điểm du lịch tiêu
biểu vùng Đồng bằng sông Cửu Long. Theo Ban Quản
lý Di tích, hằng năm, Khu lưu niệm đón nhiều đoàn
khách là lãnh đạo Ðảng, Nhà nước, các bộ, ngành
Trung ương, lãnh đạo địa phương và Nhân dân đến
viếng. Nơi đây đã trở thành điểm đến tham quan,
địa chỉ đỏ giáo dục truyền thống cách mạng cho
Nhân dân và thế hệ trẻ. Vào những dịp lễ, Tết, các
lực lượng vũ trang, đoàn viên thanh niên, học
sinh, sinh viên về hoạt động ngoại khoá, học tập,
tham quan, tìm hiểu thực tế, tổ chức kết nạp đảng
viên, đoàn viên, hội viên... Huỳnh Lâm thực hiện"
3,Thú vị chèo SUP,"Hoạt động chèo SUP thời gian gần đây được du khách trải nghiệm khi du lịch trên biển. Tại các đảo của tỉnh Kiên Giang, chèo SUP là một trong những điểm nhấn của các tour du lịch.","Tại đảo Hòn Sơn, xã Lại Sơn, huyện Kiên Hải, tỉnh
Kiên Giang, hoạt động chèo SUP được tổ chức khoảng
2 năm qua. Ðến đây, ngoài tham quan, thưởng thức
hải sản; hay lặn ngắm san hô, bắt ốc, săn cá...
thì chèo SUP được du khách yêu thích. Chỉ mất
khoảng 5 phút ngồi trên ghe là du khách có thể đến
các bãi chèo SUP được người dân bố trí. Anh Nguyễn
Phước Lộc, huyện Phú Tân, tỉnh An Giang, chia sẻ:
“Lần đầu tiên tôi trải nghiệm hoạt động chèo SUP;
đây là môn thể thao bổ ích. Trò chơi này mình có
thể lênh đênh trên biển cùng với tất cả mọi người;
đi đoàn đông giúp chúng ta trải nghiệm vui hơn.
Trong dịp sau, gần Tết, tôi sẽ quay lại đây lần
nữa”. Sau khi lên ghe, du khách được hướng dẫn
viên trang bị giày, bảo vệ chân khỏi các phiến đá
ngầm, đồng thời dễ di chuyển khi tham gia các hoạt
động chèo SUP. Khi tham gia hoạt động chèo SUP, du
khách được trang bị 1 kính lặn, áo phao; quá trình
chuẩn bị được người dân, hướng dẫn viên phổ biến
để đảm bảo an toàn. Thuyền chèo SUP có thể chở từ
2 đến 3 người và được các bạn hướng dẫn viên giám
sát trong suốt quá trình diễn ra hoạt động. Bên
cạnh việc chèo, du khách có thể lặn xuống biển để
ngắm các bãi đá ngầm, san hô, các loài cá... Ðây
là những trải nghiệm níu chân du khách khi đến với
Hòn Sơn. Du khách bắt buộc phải mặc áo phao khi
tham gia trò chơi. Chị Hoàng Thị Loan, TP Rạch
Giá, tỉnh Kiên Giang, bộc bạch: ""Tôi thấy ở Hòn
Sơn rất đẹp, người bị stress công việc, học tập,
đến đây rất hợp lý. Mọi người hãy tham quan ở đây
vài ngày sẽ biết được cảm nhận. Tôi tham gia chèo
SUP lần đầu nhưng rất thích. Khi chèo, mình vận
động được cơ thể, cảm thấy khoẻ, vui và thoải mái
hơn”. Chèo SUP là môn thể thao cần sự thăng bằng
và thể hiện tính đồng đội. Chèo SUP có nguồn gốc
tại Hawaii (tiểu bang của Hoa Kỳ), phát triển và
lan rộng trong nhiều năm trở lại đây ở những điểm
du lịch biển. Ở Việt Nam, bộ môn này được nhiều
bạn trẻ yêu thích. Chèo SUP giúp rèn luyện sức bền
của cơ bắp, khả năng giữ thăng bằng trên mặt nước,
gắn kết tình đồng đội và mang đến nhiều trải
nghiệm thú vị. Sau khi chèo SUP, du khách được
trải nghiệm lặn để bắt ốc, ngắm sinh vật biển…
Nhật Minh thực hiện"
4,"Chung sức giữ ""thương hiệu"" Cà Mau","Vùng đất Cà Mau thân thương, nơi hễ ai một lần đến cũng sẽ xao xuyến bởi cảnh sắc thiên nhiên và sức sống tươi mới vươn lên của vùng đất xanh bạt ngàn rừng đước, rừng tràm. Hơn hết, níu chân du khách chính là cái dễ thương của người Cà Mau, với sự mộc mạc, chân chất, thân thiện và vô cùng mến khách, quý nhau ở cái tình, cái nghĩa… Bởi thế, mục tiêu hướng đến của ngành du lịch chính là xây dựng Cà Mau trở thành điểm đến an toàn, thân thiện, chuyên nghiệp và hấp dẫn đối với du khách trong nước và quốc tế.","Phát biểu đầy tâm huyết tại Hội thi Ứng xử văn
minh du lịch tỉnh Cà Mau năm 2024, vừa được Sở Văn
hoá, Thể thao và Du lịch (VH,TT&DL) tổ chức ngày
28/11 vừa qua, ông Trần Hiếu Hùng, Giám đốc Sở,
Trưởng ban Giám khảo, nhấn mạnh: “Mỗi người đều có
thể trở thành đại sứ du lịch, tiên phong sẽ là
những người làm công tác du lịch, lưu trú, lữ
hành, thuyết minh điểm đến, hướng dẫn tham quan,
kể cả người dân làm du lịch - những đại sứ xây
dựng du lịch phát triển theo hướng xanh - sạch -
đẹp; đảm bảo an ninh, an toàn, văn minh và thân
thiện bằng những hành động thiết thực đúng với
thương hiệu: Người Cà Mau dễ thương vô cùng”. Ðó
cũng chính là mục đích hướng đến của hội thi, nhằm
tích cực nâng cao hình ảnh du lịch Cà Mau, tạo ấn
tượng đẹp trong lòng du khách. Hội thi thành công
rực rỡ với sự tham gia của 13 đội thi đến từ các
đơn vị kinh doanh dịch vụ, du lịch, các điểm đến
trên địa bàn tỉnh. Liên quân Hoàng Hổ - Cánh Buồm
- ICOGroup là đội thi xuất sắc đoạt giải Nhất tại
hội thi. Anh Trần Hoàng Lâm, Giám đốc Nhà hàng -
Khách sạn Hoàng Hổ, đại diện đội, chia sẻ, ý tưởng
đặt tên đội thi là “Hương sắc Cà Mau” xuất phát từ
mong muốn giới thiệu vẻ đẹp tự nhiên, văn hoá và
con người vùng đất Cà Mau đa dạng sắc màu với hệ
sinh thái của rừng đước, rừng tràm. Ðây là thông
điệp thể hiện rõ tinh thần trách nhiệm của đội
trong việc quảng bá du lịch Cà Mau. “Sự chuyên
nghiệp, thân thiện và ứng xử văn hoá sẽ tạo dấu ấn
đẹp trong lòng du khách”, anh Trần Hoàng Lâm khẳng
định. (Anh Lâm trong vai đầu bếp ở phần thi năng
khiếu cùng các thành viên đội thi). “Chúng tôi
muốn khẳng định rằng, sự chuyên nghiệp, thân thiện
và ứng xử văn hoá không chỉ tạo thiện cảm mà còn
giúp lan toả hình ảnh du lịch Cà Mau văn minh,
đẳng cấp hơn”, anh Trần Hoàng Lâm tâm tình. Theo
anh, thông qua hội thi đã giúp đội có thêm kinh
nghiệm hoàn thiện hơn trong việc phục vụ khách
hàng, từ cách chào đón, chăm sóc đến việc xử lý
những tình huống phát sinh một cách khéo léo. Anh
cho rằng, đây cũng là cơ hội để áp dụng những tiêu
chuẩn đó vào các hoạt động kinh doanh tại Nhà hàng
- Khách sạn Hoàng Hổ. Hiện, Nhà hàng - Khách sạn
Hoàng Hổ vẫn luôn chú trọng đào tạo nhân viên phục
vụ chuyên nghiệp, đảm bảo mang lại trải nghiệm tốt
nhất cho khách hàng, đồng thời tích cực cải tiến
chất lượng dịch vụ, cập nhật các xu hướng mới để
đáp ứng kỳ vọng ngày càng cao của du khách. “Trong
tương lai, Hoàng Hổ sẽ tổ chức các sự kiện giao
lưu văn hoá, quảng bá đặc sản địa phương và hướng
dẫn du khách những nét đẹp về phong tục, tập quán
vùng đất Cà Mau. Không riêng Hoàng Hổ, Cánh Buồm
và ICOGroup cũng đặt mục tiêu trở thành một trong
những hình mẫu về du lịch xanh và bền vững tại địa
phương”, anh Trần Hoàng Lâm khẳng định. Với tên
đội “Hương sắc Cà Mau”, liên quân Hoàng Hổ - Cánh
Buồm - ICOGroup đã mang tới Hội thi những trải
nghiệm và hành trình mới lạ cho du khách xuyên
suốt các phần thi. Khác biệt với các điểm du lịch
khác, các công trình, di tích Bảo tàng tỉnh Cà Mau
đang quản lý không chỉ là nơi lưu giữ giá trị lịch
sử - văn hoá mà còn là cầu nối sống động giữa quá
khứ và hiện tại. Do đó, đến với hội thi, đội thi
Bảo tàng tỉnh xây dựng tiểu phẩm ""Ðoá sen hồng
giữa lòng thành phố"" dựa trên câu chuyện thực tế
để lan toả những thông điệp về ứng xử văn minh,
tôn trọng tại các địa điểm tôn nghiêm, cũng như
thể hiện tình yêu dành cho Khu Tưởng niệm Chủ tịch
Hồ Chí Minh, một công trình văn hoá vô cùng ý
nghĩa đối với tỉnh Cà Mau. “Mục tiêu lớn nhất của
đội thi là lan toả tình yêu lịch sử, văn hoá và
niềm tự hào về quê hương Cà Mau đến mọi du khách.
Tôi và những thành viên của bộ phận thuyết minh
luôn xác định rằng, văn minh ứng xử và khả năng
truyền tải giá trị sâu sắc là những yếu tố cốt lõi
để tạo ấn tượng đẹp trong lòng khách tham quan.
Các thuyết minh viên, bên cạnh việc tập trung
hướng dẫn, phục vụ khách tham quan, còn khéo léo
hướng dẫn khách tham quan giữ gìn vệ sinh, tuân
thủ nội quy và tạo môi trường tham quan thân
thiện, hài hoà”, chị Lê Cẩm Nhung, đại diện đội,
chia sẻ. Chị Lê Cẩm Nhung khéo léo xử ly tình
huống do Ban Giám khảo đặt ra tại vòng thi chung
kết (Đội thi Bảo tàng tỉnh đoạt giải Nhì) Chị
Nhung cho biết thêm, thời gian tới, Bảo tàng tỉnh
sẽ tập trung vào việc tổ chức các buổi trải nghiệm
văn hoá và trải nghiệm di sản với nội dung phong
phú, đa dạng hơn. Theo đó, bộ phận thuyết minh
phải đồng thời xây dựng các nội dung thuyết minh
hấp dẫn, sinh động; chú trọng việc nâng cao ý thức
ứng xử văn minh trong quá trình tham quan để du
khách nhận thức được vai trò và trách nhiệm trong
việc giữ gìn sự tôn nghiêm của các di tích, công
trình văn hoá. Ðồng thời, việc ứng dụng mạng xã
hội vào công tác tuyên truyền sẽ được triển khai,
giúp du khách dễ dàng tiếp cận và tìm hiểu các
điểm tham quan văn hoá - lịch sử, hiểu rõ giá trị
của nơi đến để có cách ứng xử phù hợp. Các bảng
hướng dẫn về quy định ứng xử văn minh cũng sẽ được
phát triển để giúp du khách tự nhận thức và có
hành vi đúng đắn. Tuy không phải người bản xứ
nhưng dành nhiều tâm huyết phát triển du lịch trên
quê hương thứ hai - Cà Mau, với khát vọng xây dựng
điểm đến an toàn, thân thiện, hào sảng và mến
khách, anh Nguyễn Ðức Trung, Giám đốc Nhà hàng
Khách sạn Ozon (xã Hàm Rồng, huyện Năm Căn), tấm
tắc: “Ðây là lần đầu tiên Cà Mau tổ chức hội thi
này và rất thành công, lan toả hiệu ứng tốt, không
chỉ đối với những người làm du lịch mà còn đến mọi
người dân trong tỉnh. Tôi tin rằng, người Cà Mau
sẽ luôn dễ thương vô cùng, nơi địa đầu cực Nam của
Tổ quốc sẽ luôn là điểm đến hấp dẫn với những nét
sinh hoạt rất đỗi đời thường của những con người
dung dị, hiền hoà, mến khách”. Hội thi thành công
rực rỡ với sự tham dự của 13 đội thi đến từ các
đơn vị kinh doanh dịch vụ, du lịch, các điểm đến
trên địa bàn tỉnh. Với mục tiêu đến năm 2030 Cà
Mau đón khoảng 2,8 triệu lượt khách, trong đó có
110 ngàn lượt khách quốc tế, doanh thu từ du lịch
đạt khoảng 7.200 tỷ đồng, việc nâng cao thương
hiệu điểm đến không chỉ là trách nhiệm của doanh
nghiệp, cơ quan quản lý mà còn là ý thức của người
dân khi làm du lịch, dịch vụ và cả ở vai trò khách
du lịch. Chỉ khi mỗi người dân thực sự là một đại
sứ du lịch thì khi ấy hình ảnh của mỗi địa phương,
hình ảnh của đất nước mới thực sự đẹp trong mắt
bạn bè năm châu./. Băng Thanh"
5,Hành trình Ironman - Chạm đến giới hạn bản thân,"Mỗi bước chạy, vòng bơi, cú đạp xe, tất cả không chỉ là hành động thể chất, mà còn là hành trình khám phá giới hạn tinh thần, ý chí và cả niềm tin vào chính mình. Ironman - giải thi đấu 3 môn phối hợp khắc nghiệt nhất hành tinh, đã trở thành biểu tượng cho khát khao chinh phục và sự kiên cường của con người.","Trên đường đua Ironman, bạn sẽ thấy đủ mọi gương
mặt, từ những vận động viên (VÐV) chuyên nghiệp
săn huy chương đến những người bình thường với
khát khao thay đổi cuộc đời. Ðiểm chung của họ là
tinh thần sắt đá và quyết tâm phi thường. Ironman
không dành cho những ai yếu mềm, bởi quãng đường
226 km bao gồm: 3,8 km bơi, 180 km đạp xe và 42,2
km chạy bộ là thử thách khốc liệt cả về thể lực
lẫn tinh thần. Không khí hào hứng và sôi động tại
khu vực xuất phát, với sự cổ vũ nhiệt tình từ đội
trống cổ động, tạo động lực cho các VÐV bắt đầu
hành trình chinh phục thử thách. Với những người
chưa sẵn sàng cho Ironman cự ly đầy đủ, Ironman
70.3 (Half Ironman) là lựa chọn phù hợp, với tổng
quãng đường 113 km. Tại Việt Nam, Ironman 70.3 trở
thành điểm hẹn đặc biệt cho người yêu thể thao.
Hai sự kiện nổi bật là Ironman 70.3 tại Ðà Nẵng và
Phú Quốc hằng năm thu hút hàng ngàn VÐV từ khắp
nơi trên thế giới. Anh Võ Thanh Tân (xã Khánh Hội,
huyện U Minh), thành viên CLB Chạy bộ Cà Mau, từng
tham gia Ironman 70.3 Ðà Nẵng 2023, chia sẻ: “Ðây
không chỉ đơn thuần là cuộc thi, mà là cơ hội để
mỗi người thử thách giới hạn bản thân và gắn kết
với cộng đồng. Mỗi giải đấu đều có nét đặc biệt,
nhưng lần nào cũng khiến tôi nhận ra: Mình mạnh mẽ
hơn rất nhiều so với những gì từng nghĩ”. Tại
Ironman 70.3 Phú Quốc năm nay, gương mặt đến từ Cà
Mau để lại nhiều ấn tượng đặc biệt. Ðó là anh Lê
Hoàng Cảnh, Phó chủ nhiệm Câu lạc bộ Chạy bộ Cà
Mau, lần đầu tiên thử sức ở giải 3 môn phối hợp.
Anh vốn quen thuộc với các giải marathon, nên phần
chạy và đạp xe không phải vấn đề quá lớn, nhưng
bơi lội là thách thức thực sự. “Dù đã dành nhiều
tháng rèn luyện trong hồ bơi, nhưng lần đầu bơi
ngoài biển mang lại cảm giác hoàn toàn khác biệt.
Sóng nước và không gian mênh mông khiến tôi thoáng
chút lo lắng, nhưng tôi nhanh chóng tập trung,
điều chỉnh nhịp thở và giữ vững từng sải tay. Khi
cán đích phần bơi trong 53 phút 12 giây, tôi không
chỉ thấy nhẹ nhõm mà còn tràn đầy tự hào. Ðó là
khoảnh khắc khẳng định rằng mọi nỗ lực đã được đền
đáp xứng đáng”, anh chia sẻ. Từ vạch xuất phát đến
những mét cuối cùng của phần bơi, các VÐV thể hiện
sự kiên cường, cố gắng duy trì nhịp thở đều đặn để
vượt qua từng đợt sóng mạnh. Tận dụng lợi thế từ
nền tảng chạy bộ và đạp xe, anh Cảnh thể hiện
phong độ ấn tượng trong 2 giai đoạn này, thậm chí
vượt qua nhiều đối thủ. Nhưng anh khẳng định:
“Ironman không chỉ là cuộc thi để thể hiện điểm
mạnh, mà là thử thách tổng hợp, đòi hỏi sự cân
bằng giữa 3 môn. Nếu bạn yếu ở một phần thôi, sẽ
gặp rất nhiều khó khăn. Mọi thứ phải được chuẩn bị
kỹ lưỡng, vì chỉ một chút lơ là ở môn nào đó, có
thể khiến bạn bị tụt lại”. Anh Cảnh tự hào chia sẻ
sau khi hoàn thành giải đấu tại đảo ngọc: “Phú
Quốc mang đến trải nghiệm khác biệt. Cái nóng và
độ ẩm cao khiến việc giữ sức càng trở nên khó khăn
hơn. Nhưng cũng chính nhờ vậy mà tôi cảm nhận rõ
mình đã vượt qua được giới hạn”. Tại vạch xuất
phát của phần bơi, hàng trăm vận động viên vượt
bãi cát trước khi lao xuống biển để bắt đầu hành
trình dài và cam go phía trước. Dù tham gia
Ironman 70.3 hay cự ly đầy đủ, phần khó khăn nhất
không phải là ngày đua, mà là những tháng ngày
chuẩn bị. Anh Cảnh công nhận: “Mỗi ngày tập luyện
không chỉ giúp tôi thay đổi về thể chất mà còn rèn
luyện tinh thần, giúp tôi thích nghi và mạnh mẽ
hơn. Qua hành trình này, tôi nhận ra rằng, với sự
kiên nhẫn và nỗ lực không ngừng, không gì là không
thể”. Ngày thi đấu luôn bắt đầu từ tờ mờ sáng.
Tiếng còi xuất phát vang lên, hàng trăm VÐV lao
xuống nước như một đàn cá lớn. Sau phần bơi, các
VÐV chuyển sang đạp xe, giai đoạn dài nhất và đòi
hỏi sự bền bỉ tuyệt đối. Cuối cùng là chạy bộ,
chặng thử thách nhất, nơi cơ thể đã mỏi mệt đến
tột độ, nhưng ý chí vẫn không ngừng thúc đẩy họ
bước tiếp. Sau 53 phút 12 giây bơi trên biển, anh
Lê Hoàng Cảnh tiếp tục hành trình đầy thử thách
với phần thi đạp xe dài 90 km, thể hiện sự bền bỉ
và quyết tâm vượt qua mọi khó khăn. Anh Cảnh nhớ
lại cảm giác lúc đó: “Dù chạy là thế mạnh của tôi,
nhưng sau 90 km đạp xe, đôi chân gần như rã rời.
Tôi cố bước đều, không dừng lại, vì biết chỉ cần
nghỉ một chút thôi, cơ bắp sẽ ""biểu tình"" ngay.
Lúc đầu, nhịp tim vẫn ổn, nhưng cái nóng càng lúc
càng làm tôi kiệt sức, nhịp tim tăng vọt. Có lúc
tôi tự hỏi liệu mình có thể về đích được không.
Nhưng rồi, tôi nhớ đến những người khác cũng đang
chiến đấu như mình, tự nhủ: ""Nếu họ làm được, thì
mình cũng làm được"". Thế là tôi tiếp tục và hoàn
thành với thành tích 6 tiếng 10 phút 52 giây”. Cảm
giác vượt qua vạch đích, dù ở Ðà Nẵng, Phú Quốc
hay bất kỳ nơi nào khác, là điều không dễ diễn tả
bằng lời. Nhiều VÐV bật khóc khi nghe câu nói
huyền thoại: “You are an Ironman!”. “Thực sự, đó
là khoảnh khắc tôi nhận ra rằng tất cả những gì
mình đã trải qua đều đáng giá. Trở thành một
Ironman 70.3 đối với tôi trước đây chỉ là giấc mơ
xa vời, nhưng giờ đây, giấc mơ ấy đã thành sự
thật. Cảm giác đó quá tuyệt vời, đầy tự hào và khó
có thể diễn tả hết bằng lời”, anh Cảnh nghẹn lại
vì xúc động. Ironman, bất kể cự ly nào, luôn là
hành trình chinh phục giấc mơ và thử thách bản
thân, dạy bạn một điều quan trọng: “Không có gì là
không thể nếu bạn dám bước ra khỏi vùng an toàn
của mình”./. Mây Mỹ"
6,Nghề bình luận bóng đá phủi,"Khác với các bình luận viên (BLV) bóng đá chuyên nghiệp, BLV các giải bóng đá phong trào (hay còn gọi là bóng đá phủi), tuy không được đào tạo bài bản nhưng lại có sức hút, dấu ấn riêng. Ðó chính là sự gần gũi, tự do, phóng khoáng, đúng với tinh thần bóng đá phong trào.","Thời gian qua, bóng đá phong trào tại Cà Mau cũng
như các tỉnh miền Tây rất phát triển, phần nào
thoả được niềm đam mê môn thể thao vua của các cầu
thủ phủi. Ngoài thành lập các đội bóng được huấn
luyện bài bản; các giải đấu được tổ chức quy mô,
chuyên nghiệp; livestream trên mạng xã hội; các
giải bóng đá phủi tại Cà Mau còn mời cả BLV cho
từng trận đấu. “Xin được chào mừng quý vị khán giả
đang theo dõi trận chung kết vô địch sân 7 Cà Mau
tranh cúp Phước Thành Amis giữa hai đội Cầm đồ
Việt Hùng và Garage Công Anh...”. Khi tiếng còi
khai cuộc của trọng tài vừa vang lên, ngay sau đó
sẽ là khoảng thời gian “vẽ” trận đấu bằng ngôn từ
của BLV bóng đá phủi. Tay cầm micro, tay cầm danh
sách cầu thủ hai đội, mắt hướng về từng bước chạy
của các cầu thủ, đuổi theo từng vòng bóng lăn và
liên tục bình luận. Với những giải đấu lớn, nơi
làm việc của họ có thể ở khán phòng hoặc cabin
theo dõi trận đấu qua màn hình máy tính, các thiết
bị truyền dẫn. Tuy nhiên, đa phần các BLV bóng đá
phủi đều bình luận trực tiếp trên sân bóng. Góc
làm việc của họ dưới chiếc dù hoặc dưới giàn giáo
nhỏ. Ðây là công việc không phải ai cũng làm được,
vì BLV phải có kiến thức về bóng đá phủi, phải
luyện tập để có giọng nói tốt, vốn từ phong phú,
nghiên cứu về từng cầu thủ của các đội chơi. Ngoài
ra, còn phải có thể lực tốt, vì cường độ làm việc
rất cao, thường xuyên phải ngồi bình luận có thể
từ sáng đến tối. Chưa kể các trận bóng đá phong
trào diễn biến rất nhanh, nếu không tập trung cao
độ thì không thể theo kịp trận đấu. BLV Khoai Lang
luôn làm tốt vai trò người truyền lửa cho các giải
bóng đá phủi trên khắp các tỉnh, thành miền Tây.
(Ảnh nhân vật cung cấp) Anh Huỳnh Thanh Ðiền, sinh
năm 1988, BLV của Công ty Truyền thông thể thao
Eldo Media, Cần Thơ, được biết đến với biệt danh
BLV Khoai Lang, là BLV quen thuộc ở các giải phủi
tại Cà Mau vừa qua. Anh cho biết: “Khán giả đại
chúng ở miền Tây thích nghe những điều gần gũi,
hài hước, nhưng người bình luận cũng cần lưu ý cân
bằng giữa việc tạo không khí vui vẻ và yếu tố
chuyên môn, chuyên nghiệp nhưng không làm mất chất
phủi, điều này vô cùng quan trọng”. Vậy nên BLV
phải thực sự khéo léo, tiết chế trong từng câu từ
để không gây ức chế cho cầu thủ, trọng tài trên
sân và phải truyền được lửa cho trận đấu sôi nổi,
tạo tiếng cười cho khán giả một cách có văn hoá.
Thời gian gần đây, bóng đá phong trào đang dần có
sức hút và gần hơn với khán giả. Rất nhiều giải
đấu phủi được tổ chức cho sinh viên, cán bộ, công
chức, các đội phủi trong tỉnh... Ðây là cơ hội để
nhiều bạn trẻ thử sức với công việc này, khởi
nghiệp cùng với truyền thông thể thao. Anh Lưu
Minh Mẫn là BLV quen thuộc của các giải phong trào
tại Cà Mau. Trước đây, anh là nhân viên văn phòng.
Ðam mê thể thao, cuối năm 2021, sau khi nghỉ việc,
anh bắt đầu nghiên cứu và theo các đàn anh học hỏi
thêm về công việc BLV. BLV Lưu Minh Mẫn luôn cháy
hết mình trong mỗi trận bóng với cương vị BLV. Với
vốn kiến thức sẵn có về bóng đá, anh mạnh dạn thử
sức với công việc này. Anh Mẫn tâm sự: “Ðể hoàn
thiện bản thân, mỗi ngày, tôi học một chút từ các
trận đấu, từ những điều hay của tiền bối. Trước
khi nhận bình luận cho trận bóng, cả bóng đá, bóng
bàn, pickleball... tôi đều dành thời gian nghiên
cứu tài liệu, tìm hiểu thật đầy đủ về người chơi.
Thường xuyên cập nhật điều lệ của các môn thể thao
và nhận góp ý chuyên môn để phát triển, hoàn thiện
kỹ năng bản thân qua từng trận đấu. Giờ đây tôi đã
có phần tự tin khi đồng hành cùng anh em phủi Cà
Mau”. Tìm hiểu công việc này, gặp gỡ nhiều BLV
bóng đá phủi mới hiểu được khó khăn buổi đầu, sự
vất vả của nghề. Khi các phương tiện truyền thông
mạng xã hội chưa phát triển như hiện nay, các BLV
bóng đá phủi đã phải trải qua những ngày đi làm
không lương, chỉ để được mọi người biết đến, có
khi thù lao chỉ là ly trà đá. Như câu chuyện hành
trình đến với nghề của BLV Khoai Lang. Anh là giáo
viên dạy Toán, đam mê bóng đá, năm 2018, anh quyết
định nghỉ việc và tập trung vào đam mê phát triển
truyền thông về thể thao. Thời điểm đó, mọi người
vẫn chưa biết nhiều đến truyền thông bóng đá hay
BLV phủi. Anh khởi nghiệp với chiếc điện thoại và
loa kẹo kéo, ngồi bình luận hàng giờ với mức thù
lao 0 đồng, cùng anh em rong ruổi khắp các tỉnh
miền Tây trên chiếc xe máy và thiết bị cồng kềnh.
Giờ đây, BLV Khoai Lang và các anh em trong Công
ty Truyền thông thể thao Eldo Media đã có chỗ đứng
vững chắc, khi là BLV chính cho các giải bóng đá
lớn, nhỏ khắp các tỉnh, thành. BLV Khoai Lang chia
sẻ: “Hiện nay, bóng đá phong trào phát triển rất
mạnh. Song song đó, các ê kíp truyền thông cũng có
rất nhiều, đơn cử như riêng Cà Mau đã có 4-5 ê kíp
phủi và có nhiều bạn trẻ theo đuổi nghề BLV. Tôi
rất vui khi ngày càng có nhiều bạn đam mê lĩnh vực
này, tạo tiền đề cho phong trào phát triển. Cá
nhân tôi cũng đi lên từ con số 0, từ khi chưa ai
biết đến BLV bóng đá phủi. Nghề dạy nghề, tôi học
hỏi từ các thế hệ đi trước để hoàn thiện. Tôi nghĩ
các bạn trẻ cứ mạnh dạn theo đuổi ước mơ và đam
mê, đây cũng là công việc đem đến nhiều cơ hội để
phát triển kỹ năng. Nếu có đam mê và kiên trì, các
bạn sẽ thành công”. Vân Anh"
7,Khu Du lịch Mũi Cà Mau nhận chứng nhận Điểm đến du lịch hấp dẫn,"Tối 29/11, Khu Du lịch Mũi Cà Mau được trao chứng nhận Điểm đến du lịch hấp dẫn TP Hồ Chí Minh và 13, tỉnh, thành đồng bằng sông Cửu Long năm 2024.","Khu Du lịch Mũi Cà Mau được trao chứng nhận Điểm
đến du lịch hấp dẫn. Ảnh: HÙNG TRẦN Trong khuôn
khổ Tuần lễ Du lịch – Thương mại TP Hồ Chí Minh và
đồng bằng sông Cửu Long diễn ra tại Cần Thơ, Ban
tổ chức đã công bố kết quả bình chọn Điểm đến du
lịch hấp dẫn TP Hồ Chí Minh và 13, tỉnh, thành
đồng bằng sông Cửu Long năm 2024 với chủ đề “Nâng
tầm điểm đến - Kết nối hành trình”. Từ 126 điểm du
lịch, khách du lịch và các chuyên gia đã chọn ra
50 điểm du lịch nhận chứng nhận từ ban tổ chức.
Bằng chứng nhận này do Hội đồng liên kết hợp tác
phát triển du lịch TP Hồ Chí Minh và và 13, tỉnh,
thành đồng bằng sông Cửu Long năm 2024 cấp. Anh Lê
Trần Anh Hùng, Chuyên viên Trung tâm Xúc tiến đầu
tư và Hỗ trợ doanh nghiệp (iPEC) - Văn phòng UBND
tỉnh Cà Mau (thứ tư từ trái sang), đại diện Khu Du
lịch Mũi Cà Mau nhận chứng nhận vinh dự này. Ảnh:
HÙNG TRẦN Đây cũng là động lực để Khu du lịch Mũi
Cà Mau nỗ lực nhiều hơn nữa về chất lượng dịch vụ
lẫn các loại hình tham quan để thu hút nhiều lượt
khách du lịch đến với tỉnh nhà. Ngoài ra, trong
Tuần lễ Du lịch - Thương mại lần này còn có những
buổi toạ đàm về phát triển các sản phẩm du lịch
đường sông và công bố tuyến du lịch đường sông kết
nối TP Hồ Chí Minh và các tỉnh, thành ĐBSCL;
chương trình ca nhạc, thời trang chủ đề Điểm hẹn
Tây Đô; chương trình giao lưu Đờn ca tài tử Nam Bộ
giữa 14 tỉnh, thành… Lam Khánh"
8,Băng rừng Laan,"Khi nhắc đến du lịch Lâm Ðồng, người ta thường nghĩ ngay đến Ðà Lạt thơ mộng, nhưng Laan lại mang đến một trải nghiệm hoàn toàn khác. Cách trung tâm TP Ðà Lạt khoảng 20-30 km về phía Tây Bắc, gần khu vực xã Lát, huyện Lạc Dương, rừng Laan là điểm đến hoàn hảo cho những tâm hồn yêu thích trekking (du lịch dã ngoại bằng đi bộ) và tìm kiếm một chuyến phiêu lưu thực sự giữa thiên nhiên hoang dã.","Những cung đường trekking đầy thử thách, nhưng
cảnh sắc thiên nhiên tuyệt đẹp, khiến mọi nỗ lực
đều xứng đáng. Kể về hành trình của mình đến với
Laan, chị Bùi Phương Thảo (Phường 8, TP Cà Mau)
chia sẻ, ngay từ những bước chân đầu tiên vào
rừng, Laan đã mang đến cảm giác hoàn toàn khác
biệt. Con đường địa hình nhỏ giữa rừng thông xanh
mướt uốn lượn dưới những tán lá, từng thân cây cổ
thụ với rễ chằng chịt tạo thành cảnh sắc kỳ vĩ.
Ánh nắng mặt trời chiếu xuyên qua kẽ lá, lung linh
như ngàn viên ngọc sáng lấp lánh, biến cả khu rừng
thành một không gian huyền ảo. Con đường xuyên qua
rừng thông Laan. Cảm giác khi trekking qua từng
khúc quanh co và những đoạn dốc cao đầy thử thách
thật sự khó quên. Ðôi khi, bạn phải bám vào gốc
cây, dựa vào sức mạnh của chính mình để bước qua
những địa hình gồ ghề. Mỗi đoạn đường đi qua, cảnh
vật lại thay đổi, mở ra những không gian mới mẻ,
từ các ngọn đồi phủ đầy rêu xanh đến những tảng đá
phủ rêu phong, từng chi tiết đều mang đến một cảm
giác tươi mới, thú vị và đậm chất phiêu lưu. Hành
trình băng rừng Laan trở nên đặc biệt khi bạn đặt
chân đến Tuyệt Tình Cốc. Giữa vùng rừng núi, Tuyệt
Tình Cốc hiện lên như một kiệt tác của thiên
nhiên. Mặt nước xanh biếc, trong vắt đến mức nhìn
thấy cả những tảng đá cuội nằm sâu dưới đáy, khiến
bất cứ ai đứng trước cảnh vật này đều không thể
rời mắt. Những vách đá dựng đứng bao quanh hồ
nước, cùng với sự tĩnh lặng của không gian, tạo
nên một khung cảnh hoàn hảo, đẹp tựa tranh vẽ. Hồ
Tuyệt Tình Cốc màu ngọc bích huyền ảo, điểm nhấn
độc đáo của hành trình tại Laan. Khoảnh khắc thả
hồn vào không gian yên bình. Rời Tuyệt Tình Cốc,
hành trình lại tiếp tục với những cung đường mòn
dẫn đến đỉnh cao nhất của Laan. Ðỉnh Laan là nơi
bạn có thể đứng từ trên cao nhìn xuống toàn bộ khu
rừng, với những ngọn núi nối tiếp nhau xa tít tận
chân trời. Ðứng giữa đất trời bao la, hít thở bầu
không khí trong lành của núi rừng, cảm giác như
mọi căng thẳng, mệt mỏi đều tan biến, chỉ còn lại
sự thoải mái và tự do vô tận. Việt Mỹ thực hiện"
9,Liên quân Hoàng Hổ - Cánh Buồm – ICOGroup đoạt giải Nhất Hội thi ứng xử văn minh du lịch tỉnh Cà Mau,"Ngày 28/11, Sở Văn hoá - Thể thao và Du lịch tổ chức Hội thi ứng xử văn minh du lịch tỉnh Cà Mau năm 2024 (Hội thi) với sự tham gia của 13 đội thi đến từ các đơn vị kinh doanh dịch vụ, du lịch trên địa bàn tỉnh.","Ông Trần Hiếu Hùng, Giám đốc Sở Văn hoá - Thể
thao và Du lịch, Trưởng Ban giám khảo Hội thi,
phát biểu khai mạc Hội thi sáng 28/11. Ông Trần
Hiếu Hùng, Giám đốc Sở Văn hoá - Thể thao và Du
lịch,Trưởng Ban giám khảo Hội thi, cho biết, đây
là lần đầu tiên tỉnh tổ chức Hội thi với mục đích
tuyên truyền, định hướng hành vi, thái độ, thói
quen, cách thức ứng xử văn minh của tổ chức và cá
nhân khi tham gia các hoạt động du lịch, nhằm tích
cực nâng cao hình ảnh du lịch Cà Mau, hướng tới sự
thân thiện, thanh lịch, văn minh, chuyên nghiệp.
Ban tổ chức tặng hoa cho Ban giám khảo Hội thi.
“Những năm qua, du lịch Cà Mau có những bước phát
triển mạnh mẽ, tăng trưởng nhanh và từng bước
chuyên nghiệp hoá trong hoạt động. Tuy nhiên, du
lịch Cà Mau không chỉ là trải nghiệm rừng đước,
rừng tràm, chèo ghe, bắt cá, lễ hội… mà còn là sự
ứng xử thể hiện tính văn minh, thân thiện, hiếu
khách của con người Cà Mau. Thông qua Hội thi, tin
tưởng những người làm công tác du lịch, lưu trú,
lữ hành, thuyết minh điểm đến, hướng dẫn tham
quan, kể cả người dân làm du lịch… sẽ có thêm kinh
nghiệm trong việc xử lý các tình huống đặt ra
trong quá trình phục vụ khách, cùng phát triển bền
vững, chuyên nghiệp đúng với “thương hiệu”: Người
Cà Mau dễ thương vô cùng!”, ông Trần Hiếu Hùng kỳ
vọng. Theo đó, Hội thi diễn ra với 2 vòng thi:
vòng thi tuyển chọn và vòng chung kết xếp hạng.
Tại vòng thi tuyển chọn, 13 đội phải trải qua 3
phần thi: tự giới thiệu, năng khiếu và kiến thức
du lịch. Từ đó, Ban giám khảo chọn ra 8 đội vào
vòng chung kết xếp hạng xử lý các tình huống trong
lĩnh vực kinh doanh dịch vụ, du lịch do Ban giám
khảo đề ra. Phần thi xử lý các tình huống trong
lĩnh vực kinh doanh dịch vụ, du lịch của đội thi
Liên quân Hoàng Hổ - Cánh Buồm – ICOGroup. Phần
thi năng khiếu của đội Khu du lịch sinh thái Cà
Mau Eco, đội thi đoạt giải Ba. Đánh giá chung Hội
thi, ông Trần Hiếu Hùng phấn khởi: “13 đội thi đều
có sự chuẩn bị chu đáo, có kỹ năng, kiến thức về
du lịch, và có sự nghiên cứu các tiêu chí của Bộ
Quy tắc ứng xử văn minh du lịch. Đặc biệt, từ kinh
nghiệm thực tế, các đội đã xử lý tốt các tình
huống, cho thấy, sự chuyên nghiệp, khéo léo trong
hoạt động du lịch. Đây chính là những nhân tố tích
cực hướng đến xây dựng hình ảnh du lịch Cà Mau
thân thiện, hiền hoà, mến khách, tạo ấn tượng đẹp
trong lòng du khách, nâng cao chất lượng du lịch
tỉnh nhà”. Kết thúc Hội thi, Ban tổ chức trao 4
giải Khuyến khích, 2 giải Ba, 1 giải Nhì và 1 giải
Nhất. Giải Nhất thuộc về Liên quân Hoàng Hổ - Cánh
Buồm - ICOGroup. Ngoài ra, Ban tổ chức còn trao
thưởng cho 4 thí sinh đạt các giải phụ trong các
phần thi: tự giới thiệu; kiến thức du lịch; năng
khiếu và thí sinh tham gia Hội thi tích cực nhất.
Ông Trần Hiếu Hùng, Giám đốc Sở VH,TT&DL,Trưởng
Ban giám khảo Hội thi trao giải Nhất cho đội thi
Liên quân Hoàng Hổ - Cánh Buồm – ICOGroup. Ông
Trần Văn Thảo, Chủ tịch Hiệp hội Du lịch tỉnh Cà
Mau, trao thưởng cho 4 thí sinh có thành tích tiêu
biểu trong các phần thi. Băng Thanh"
10,Mùa bông điên điển,"Đến hẹn lại lên, vào tháng 7-11 (âm lịch), khi cơn gió bắt đầu se lạnh, nước cũng dâng cao hơn, cá tôm mập ú, hoa súng nở trắng đồng, rau thì xanh mơn mởn... cũng là lúc bông điên điển bắt đầu trổ, khoe sắc vàng rực soi bóng khắp các bờ kênh, tạo nên khung cảnh đặc sắc, nên thơ, đặc trưng của vùng sông nước miền Tây.","Ðiên điển thường mọc nhiều ở các bờ mương, mé
sông, quanh những cánh đồng, cây trưởng thành có
thể cao chừng 4-5 m, tán rộng tầm 2-3 m. Là loại
cây dễ trồng, không tốn công chăm sóc, cũng không
cần phân thuốc gì, chính vì thế bông điên điển là
loại rau sạch, được nhiều người ưa chuộng. Ðến
mùa, khi nước dâng cao, gió se se lạnh thì cây
điên điển bắt đầu vươn mình, ban tặng cho người
dân Cà Mau những chùm bông rực rỡ, cũng lạ là loại
bông này không ai gọi bằng hoa bao giờ. Khi mới nở
bông có màu vàng nhạt, càng già bông sẽ vàng sậm
hơn và toả hương thơm nhẹ. Sắc màu vàng đặc trưng
không lẫn vào đâu được và vẻ đẹp mộc mạc hiếm có
nên loài hoa này làm xao xuyến chị em. Hễ tới mùa
điên điển nở là chị em trong xóm tranh thủ đi hái
bông về cải thiện bữa ăn hằng ngày, vừa xắn quần
lội, hay trên chiếc xuồng nhỏ theo cơn gió xoay
vần, vừa hái vừa ngân nga giai điệu bài bông điên
điển cho đỡ buồn và quên đi thời gian. Màu vàng
bông điên điển như hoa mai ngày Tết đã làm say đắm
biết bao người dân sông nước, bù lại cảnh đìu hiu
vốn có của nó hằng ngày. Mỗi khi tới mùa bông điên
điển, chị Nguyễn Thị Gương tranh thủ hái bông về
làm nhiều món ăn. Theo lời chị Nguyễn Thị Gương,
Ấp 7, xã Khánh Bình Ðông, huyện Trần Văn Thời, tới
mùa bông là chị tranh thủ hái về làm món ăn cho
gia đình. Hái bông điên điển không vất vả nhưng
tốn rất nhiều thời gian, khi hái nên chọn bông
chưa bung nở và hái vào buổi chiều thì bông sẽ
ngọt và ngon hơn. Không nhiều như vùng Ðồng Tháp,
An Giang hay Cần Thơ, ở Cà Mau điên điển mọc dại
nên rất quý, tới mùa chỉ hái vào ăn chứ ít khi
bán, vừa để đãi khách, vừa cảm nhận hương vị ngọt
ngào của loài hoa một năm mới nở một lần nơi cuối
trời Tổ quốc. Nói thì nói vậy chứ nếu mang ra chợ
bán sẽ được khách “lụm” không kịp trở tay! Bởi đây
là loại bông hiếm, đặc trưng của đồng bằng sông
Cửu Long nói chung và của Cà Mau nói riêng. Các
món ăn từ bông điên điển không quá cầu kỳ, phức
tạp nhưng mang lại hương vị đặc trưng không món
nào có được. Trong tất cả các món ăn từ bông điên
điển thì món tép đồng xào là dễ ăn và dễ chế biến
nhất. Vừa ngọt từ tép vừa thơm từ bông, làm cho
người xa quê nhớ nhung hoài niệm. Chỉ với một loại
bông mà có thể làm ra vô vàn món ngon độc đáo khác
nhau, góp mặt vào những món ăn đậm đà hương sắc,
bảo sao người miền Tây hay mang ra đãi khách là
thế, vừa quảng cáo, vừa gây ấn tượng cho khách
phương xa. Chị Ðào Mỹ Thoa, ấp Tân Thành, xã Lợi
An, huyện Trần Văn Thời, tâm tình: ""Về làm dâu 7
năm nay, cứ tới mùa là hái bông điên điển về làm
nhiều món cho cha mẹ chồng ăn. Chỉ loại bông mộc
mạc, đậm chất quê mà làm ra nhiều món ngon khó
cưỡng, như bông điên điển xào tép đồng, bông điên
điển làm nhân bánh xèo, nấu canh chua, nhúng lẩu
mắm, làm gỏi hay làm dưa... món nào cũng gây
nghiện, chung quy lại món nào cũng ngon theo cách
riêng của nó”. Bông điên điển là loại bông mộc
mạc, đơn sơ của người dân miền Tây, tuy là loại
cây mỏng manh mọc dại ven bờ đê, hay lên tự nhiên
theo các cánh đồng quê bao đời nay, nhưng đã bám
rễ, ăn sâu vào ký ức người dân, làm cho những kẻ
tha hương nhớ nhung hoài niệm./. Vũ Linh"
11,"Sôi nổi, hào hứng Ngày hội đua vỏ lãi","Nằm trong chuỗi sự kiện kỷ niệm 70 năm tập kết ra Bắc (1954-2024), sáng 21/11, tại đoạn sông khu vực cụm Tượng đài Khu di tích quốc gia điểm tập kết ra Bắc bờ Nam Sông Đốc diễn ra Ngày hội đua vỏ lãi. Cuộc đua diễn ra sôi nổi, hào hứng.","Lễ khai mạc Ngày hội đua vỏ lãi. Vỏ lãi là phương
tiện thuỷ được người dân vùng sông nước miền Tây
nói chung, Cà Mau nói riêng sử dụng làm phương
tiện đi lại trên sông nước, chạy bằng máy động cơ,
có thể đạt vận tốc lên đến hơn 50-70 km/giờ. Ông
Nguyễn Chí Công, Phó giám đốc Sở Văn hoá - Thể
thao và Du lịch tỉnh Cà Mau, tặng hoa cảm ơn
Composite Hữu Vui Cà Mau, dịch vụ máy nổ Anh Kiệt
và chân vịt Trung Nam đã đồng hành và cùng tài trợ
chính cho giải. Ngày hội đua vỏ lãi composite tỉnh
Cà Mau mở rộng năm nay có 49 vận động viên đến từ
các tỉnh: Bạc Liêu, Kiên Giang, Long An và vận
động viên các địa phương trong tỉnh Cà Mau đăng ký
tham gia thi đấu nội dung cá nhân nam, cự ly 600
m. Hình thức thi đấu là loại trực tiếp. Các tay
đua kiểm tra phương tiện thi đấu. Ông Nguyễn Chí
Công, Phó giám đốc Sở Văn hoá – Thể thao và Du
lịch Cà Mau, cho biết, Ngày hội đua vỏ lãi tạo
điều kiện cho các vận động viên thi đấu, giao lưu,
học hỏi, trao đổi kinh nghiệm lẫn nhau với tinh
thần thể thao “Đoàn kết - Trung thực - Cao
thượng”. Đây cũng là sân chơi để phát triển phong
trào thể dục, thể thao tỉnh nhà, nhằm thu hút đông
đảo người dân đến xem và cổ vũ. Ban tổ chức chân
thành cảm ơn Composite Hữu Vui Cà Mau, dịch vụ máy
nổ Anh Kiệt và chân vịt Trung Nam đã đồng hành và
cùng tài trợ chính cho giải”. Quyết liệt trên
đường đua. Đông đảo cổ động viên cổ vũ nhiệt tình
cho các tay đua. Sự cố trên đường đua. Ngay sau lễ
khai mạc, cuộc đua diễn ra sôi nổi, thu hút hàng
ngàn cổ động viên nhiệt tình cổ vũ. Qua gần một
ngày thi đấu sôi nổi, tay đua Phan Duy Linh đến từ
tỉnh Long An đoạt giải Nhất; giải Nhì thuộc về
Nguyễn Cu Linh cũng đến từ tỉnh Long An; giải Ba
thuộc về Nguyễn Chí Diễn (Đầm Dơi) và Tạ Bảo Đạt
(Ngọc Hiển) đoạt giải Tư. Phần thưởng cho giải
Nhất gồm: cúp, cờ, 50 triệu đồng, 1 máy GBV 530
(trị giá 9,5 triệu đồng), hộp chân vịt AB và 1 vỏ
composite Hữu Vui Cà Mau; giải Nhì gồm: cờ, 30
triệu đồng, 1 máy GB 390 (trị giá 6,8 triệu đồng),
hộp chân vịt AB và 1 vỏ composite Hữu Vui Cà Mau;
giải Ba: Cờ, 15 triệu đồng, 1 máy GB 225 (trị giá
3.800.000 đồng), hộp chân vịt AB, 1 vỏ composite
Hữu Vui Cà Mau; giải Tư: cờ, 5 triệu đồng, 1 máy
GB 160 ( trị giá 3.600.000), hộp chân vịt AB, 1 vỏ
composite Hữu Vui Cà Mau. Ông Nguyễn Chí Công, Phó
giám đốc Sở Văn hoá - Thể thao và Du lịch cùng nhà
tài trợ trao giải cho các vận động viên đoạt giải.
Nhà vô địch Phan Duy Linh đến từ tỉnh Long An. Dịp
này, cơ sở máy nổ Anh Kiệt trao 40 suất quà cho
các hộ khó khăn tại thị trấn Sông Đốc. Những chiếc
máy của các tay đua đoạt giải cuộc thi lần này.
Huỳnh Lâm"
12,Phát triển du lịch sinh thái,"Tiếp tục triển khai thực hiện Ðề án phát triển du lịch trên địa bàn, huyện Thới Bình xuất hiện nhiều điểm du lịch sinh thái thu hút khách du lịch khắp nơi đến tham quan, từng bước nâng cao giá trị sản phẩm du lịch nông thôn, gắn với bảo tồn và phát huy giá trị các di sản văn hoá phi vật thể quốc gia.","Huyện Thới Bình đang hướng đến ngành du lịch cộng
đồng với nhiều tiềm năng phát triển từ thế mạnh
của huyện, gồm: du lịch tâm linh lịch sử văn hoá
như: Ðền thờ Vua Hùng, Phủ thờ Bác; các điểm di
tích như: chùa Cao Dân, chùa Rạch Giồng, Toà thánh
Ngọc Sắc... Tính riêng trong năm 2024 có khoảng 7
ngàn lượt khách đến tham quan. Bên cạnh đó là địa
danh dòng Sông Trẹm, với hướng phát triển du lịch
sinh thái gắn với cộng đồng, vừa trải nghiệm những
hoạt động dân dã, vừa bảo tồn các giá trị tự nhiên
vùng sông nước. Du khách trải nghiệm bơi xuồng tại
Vườn cò Tư Sự. Ðặc biệt, 2 điểm du lịch sinh thái:
Vườn nho Nguyễn Thơ và Vườn cò Tư Sự thu hút hàng
ngàn lượt khách đến tham quan và thưởng thức món
ngon. Trong đó, Ðiểm du lịch Vườn cò Tư Sự, ấp
Quyền Thiện, xã Biển Bạch Ðông, thu hút gần 3 ngàn
lượt khách, ước doanh thu khoảng 490 triệu đồng.
Ðến đây, du khách được hoà mình vào không gian của
vùng quê thanh bình, trải nghiệm chèo xuồng, đặt
lờ bắt cá trong ao... Ðặc biệt là chiêm ngưỡng
cảnh vật thiên nhiên với hàng chục loài chim, cò
khác nhau như: cò trắng, cò đen, cò ma, cò ngà, cò
lép, còng cọc, bạc má, điên điển, vạc móc, vạc
lửa... có khoảng 100 ngàn con, tất cả sống dưới
mái nhà chung tại khu vườn của gia đình ông Lê
Minh Thắng. Ông Thắng chăm sóc cò con tại vườn.
Ông Thắng chia sẻ: “Tôi chú trọng việc bảo tồn và
trồng thêm cây xanh, tạo nên một rừng cây rộng
khắp vườn, thu hút chim cò về trú ngụ, đồng thời
đầu tư chỉnh trang cảnh quan toàn bộ khu vườn, tạo
điểm nhấn cho du khách đến chụp ảnh lưu niệm”.
Ðiểm du lịch Vườn nho Nguyễn Thơ, xã Hồ Thị Kỷ,
thu hút khoảng 2.500 lượt khách, ước doanh thu
trên 450 triệu đồng. Bà Trần Phương Thảo, chủ
vườn, cho biết, hiện vườn nho đã mở rộng lên
10.000 m2, ngoài nho, vườn còn trồng táo, cà chua
và nuôi tôm, cua, cá, gà vườn... phục vụ nhu cầu
của du khách. Nhiều đoàn khách thích thú đến với
Vườn nho Nguyễn Thơ. Du lịch sinh thái là loại
hình du lịch đang rất được ưa chuộng. Gắn với hoạt
động trải nghiệm, tham quan, du khách còn có thể
mua về cho người thân những món đặc sản từ các sản
phẩm OCOP của huyện Thới Bình. Thu hút và hình
thành tour, tuyến du lịch của huyện là quá trình,
do đó cần thời gian cũng như công sức. Ðể có những
bứt phá, bên cạnh giải pháp của huyện, cần sự quan
tâm của tỉnh, xây dựng chính sách hỗ trợ phát
triển du lịch nông nghiệp, tổ chức tập huấn, hướng
dẫn các hộ gia đình có nền tảng du lịch tham gia
làm dịch vụ du lịch, hướng tới nền văn hoá du lịch
cộng đồng. Ông Lý Minh Vững, Chủ tịch UBND huyện
Thới Bình, cho biết: “Du lịch Thới Bình rất có
tiềm năng. Theo chỉ đạo của UBND tỉnh, huyện xây
dựng chuỗi du lịch sinh thái gắn với cộng đồng để
mời gọi khách du lịch về đây cùng sinh hoạt, trải
nghiệm với người dân. Do chỉ mới định hình, chưa
xác định được tour, tuyến nên huyện tiếp tục phối
hợp với các ban, ngành, các đơn vị để thiết kế xây
dựng kịch bản hoàn chỉnh, thu hút khách du lịch,
góp phần phát triển kinh tế địa phương”. Thuỳ Linh"
13,Để Cà Mau trở thành điểm đến hấp dẫn trên bản đồ du lịch,"Ngày 20/11, tại Khu du lịch sinh thái Thư Duy, Trung tâm Xúc tiến đầu tư và Hỗ trợ doanh nghiệp (iPEC) tổ chức Hội nghị kết nối giao thương, họp mặt doanh nghiệp du lịch kết hợp Talkshow chia sẻ kinh nghiệm làm du lịch hiệu quả trên địa bàn tỉnh Cà Mau năm 2024.","Hội nghị nhằm tạo điều kiện kết nối giao thương
giữa các doanh nghiệp lữ hành trong và ngoài tỉnh
với các nhà cung ứng dịch vụ tại Cà Mau, mở ra cơ
hội hợp tác và phát triển bền vững; đồng thời,
lắng nghe và hỗ trợ kịp thời trong việc tháo gỡ
khó khăn, vướng mắc của các doanh nghiệp du lịch,
đồng hành cùng họ trên hành trình phát triển;
khuyến khích sáng tạo trong việc xây dựng các
tour, tuyến và sản phẩm du lịch mới, tạo mạng lưới
kết nối chặt chẽ với các đối tác trong và ngoài
tỉnh, thúc đẩy các sáng kiến nhằm phát triển du
lịch Cà Mau. Phó giám đốc Sở Văn hoá - Thể thao và
Du lịch Cà Mau Tiêu Minh Tiên chia sẻ về tổng quan
du lịch Cà Mau và định hướng phát triển trong thời
gian tới. Tham dự hội nghị có lãnh đạo Sở Văn hoá
- Thể thao và Du lịch; các sở, ban, ngành có liên
quan; lãnh đạo UBND các huyện và TP Cà Mau; Vườn
Quốc gia Mũi Cà Mau; Vườn Quốc gia U Minh Hạ;
iPEC; các hội, Hiệp hội Du lịch tỉnh Cà Mau, Hiệp
hội doanh nghiệp, Hội doanh nhân trẻ; các công ty
du lịch lữ hành trong và ngoài tỉnh; cùng các đơn
vị kinh doanh dịch vụ du lịch trên địa bàn tỉnh.
Diễn giả Dương Minh Bình, Giám đốc CBT Travel chia
sẻ tại Talkshow chủ đề “Đặt nền móng cho kinh
doanh du lịch bền vững” Phát biểu tại hội nghị,
ông Tiêu Minh Tiên, Phó giám đốc Sở Văn hoá – Thể
thao và Du lịch Cà Mau, nhấn mạnh: “Thời gian qua,
du lịch Cà Mau phát triển khá ấn tượng từ diện
mạo, chất lượng sản phẩm, dịch vụ, lượng khách… đã
tạo nên diện mạo mới, sức bật mới. Hình ảnh du
lịch Cà Mau lan toả nhanh, mạnh, được du khách
đánh giá cao và đón nhận bằng tình cảm đầy ấn
tượng. Song vấn đề đang đặt ra đối với ngành du
lịch tỉnh nhà là làm thế nào để phát triển du lịch
một cách hiệu quả thu hút đông đảo khu du lịch đến
với địa phương. Đây cũng là nội dung chính được
chia sẻ tại hội nghị nhằm giúp đưa Cà Mau trở
thành điểm đến hấp dẫn trên bản đồ du lịch”. Đại
diện Công ty Tư vấn và Phát triển du lịch Bình
Minh (TP Hồ Chí Minh) mong muốn tăng cường các mối
quan hệ hợp tác chiến lược với ngành du lịch Cà
Mau. Lễ ký kết hợp tác chiến lược giữa Công ty Tư
vấn và Phát triển du lịch Bình Minh và các doanh
nghiệp lữ hành, kinh doanh du lịch tại Cà Mau. Đặc
biệt, tại hội nghị có talkshow: “Ứng dụng công
nghệ và chiến lược quảng bá, phát triển du lịch
bền vững” tập trung vào việc khai thác công nghệ
hiện đại và dữ liệu số trong quảng bá du lịch,
cùng với các giải pháp thu hút khách du lịch quốc
tế. Theo đó, chương trình gồm 3 nội dung chính với
sự tham gia của các diễn giả là chuyên gia, chủ
doanh nghiệp, cung cấp cái nhìn sâu sắc và chiến
lược thực tế để phát triển du lịch trong thời đại
chuyển đổi số và xu hướng phát triển bền vững. Cụ
thể, diễn giả Nguyễn Đoàn Minh Đức, Điều hành viên
Diễn đàn Khoa học công nghệ Tinhte.vn nói về chủ
đề “Ứng dụng công nghệ AI và dữ liệu trong quảng
bá du lịch”; diễn giả Dương Minh Bình, Giám đốc
CBT Travel, với chủ đề “Đặt nền móng cho kinh
doanh du lịch bền vững”; và diễn giả Trần Văn Bì
Founder & CEO Bà Ngoại Homestay nói về chủ đề:
“Kinh nghiệm thu hút khách du lịch quốc tế đến Cà
Mau”. Trong khuôn khổ hội nghị còn có chương trình
kết nối giao thương và họp mặt doanh nghiệp du
lịch “Du lịch Cà Mau - Đồng hành cùng phát triển”
nhằm tạo cơ hội giao lưu, trao đổi giữa các doanh
nghiệp du lịch. Đồng thời, các doanh nghiệp chia
sẻ những khó khăn, vướng mắc và thách thức mà họ
đang phải đối mặt trong bối cảnh thị trường du
lịch ngày càng cạnh tranh và biến động. Qua đó,
đại diện lãnh đạo các sở, ban, ngành, iPEC tiếp
nhận những ý kiến, kiến nghị và đề xuất từ các
doanh nghiệp, nhằm tham mưu và đưa ra các giải
pháp hỗ trợ phù hợp. Chương trình cũng đã hiến kế
cho du lịch 2025 với nhiều đóng góp ý kiến, đề
xuất, với mục tiêu thúc đẩy sự phát triển bền vững
và nâng cao khả năng cạnh tranh của du lịch Cà Mau
trên thị trường trong nước và quốc tế. Trong khuôn
khổ hội nghị, Ban tổ chức hỗ trợ không gian trưng
bày giới thiệu các sản phẩm du lịch, dịch vụ mới
của các doanh nghiệp trong tỉnh, giúp thúc đẩy hợp
tác và tạo cơ hội tiếp cận thị trường tiềm năng.
Dịp này, các doanh nghiệp lữ hành và doanh nghiệp
cung cấp dịch vụ du lịch ký kết hợp tác chiến
lược, đánh dấu bước tiến quan trọng trong việc xây
dựng mối quan hệ hợp tác lâu dài và bền vững, góp
phần thúc đẩy ngành du lịch Cà Mau phát triển.
Trước đó, ngày 19/11, iPEC tổ chức đoàn khảo sát
sản phẩm du lịch Cà Mau dành cho các đơn vị lữ
hành trong và ngoài tỉnh. Ảnh: BẢO NGỌC Cụ thể,
đoàn đến khảo sát các điểm: Vườn chim trong lòng
TP Cà Mau, chùa Monivongsa Bopharam, Khu Du lịch
Mũi Cà Mau, sản phẩm lưu trú tại Farmstay Hoàng
Hôn Đất Mũi, tour du lịch xuyên rừng Mũi Cà Mau và
sản phẩm du lịch tại điểm du lịch sinh thái Bình
Minh. Thông qua chuyến đi, các thành viên trong
đoàn đánh giá cao tiềm năng và sự phát triển mạnh
mẽ của du lịch Cà Mau những năm gần đây, nhất là
loại hình du lịch sinh thái và du lịch sinh thái
cộng đồng./. Băng Thanh - Lê Tuấn"
14,Khu Du lịch Mũi Cà Mau nhận chứng nhận Điểm đến du lịch hấp dẫn,"Tối 29/11, Khu Du lịch Mũi Cà Mau được trao chứng nhận Điểm đến du lịch hấp dẫn TP Hồ Chí Minh và 13, tỉnh, thành đồng bằng sông Cửu Long năm 2024.","Khu Du lịch Mũi Cà Mau được trao chứng nhận Điểm
đến du lịch hấp dẫn. Ảnh: HÙNG TRẦN Trong khuôn
khổ Tuần lễ Du lịch – Thương mại TP Hồ Chí Minh và
đồng bằng sông Cửu Long diễn ra tại Cần Thơ, Ban
tổ chức đã công bố kết quả bình chọn Điểm đến du
lịch hấp dẫn TP Hồ Chí Minh và 13, tỉnh, thành
đồng bằng sông Cửu Long năm 2024 với chủ đề “Nâng
tầm điểm đến - Kết nối hành trình”. Từ 126 điểm du
lịch, khách du lịch và các chuyên gia đã chọn ra
50 điểm du lịch nhận chứng nhận từ ban tổ chức.
Bằng chứng nhận này do Hội đồng liên kết hợp tác
phát triển du lịch TP Hồ Chí Minh và và 13, tỉnh,
thành đồng bằng sông Cửu Long năm 2024 cấp. Anh Lê
Trần Anh Hùng, Chuyên viên Trung tâm Xúc tiến đầu
tư và Hỗ trợ doanh nghiệp (iPEC) - Văn phòng UBND
tỉnh Cà Mau (thứ tư từ trái sang), đại diện Khu Du
lịch Mũi Cà Mau nhận chứng nhận vinh dự này. Ảnh:
HÙNG TRẦN Đây cũng là động lực để Khu du lịch Mũi
Cà Mau nỗ lực nhiều hơn nữa về chất lượng dịch vụ
lẫn các loại hình tham quan để thu hút nhiều lượt
khách du lịch đến với tỉnh nhà. Ngoài ra, trong
Tuần lễ Du lịch - Thương mại lần này còn có những
buổi toạ đàm về phát triển các sản phẩm du lịch
đường sông và công bố tuyến du lịch đường sông kết
nối TP Hồ Chí Minh và các tỉnh, thành ĐBSCL;
chương trình ca nhạc, thời trang chủ đề Điểm hẹn
Tây Đô; chương trình giao lưu Đờn ca tài tử Nam Bộ
giữa 14 tỉnh, thành… Lam Khánh"
15,Trải nghiệm du lịch Cà Mau,"Nằm trong chuỗi hoạt động sự kiện “Cà Mau - Điểm đến 2024”, trong 2 ngày (2 và 3/10), Sở Văn hoá, Thể thao và Du lịch tỉnh Cà Mau đã tổ chức đoàn Famtrip dành cho các nhà báo đến từ các báo trung ương và địa phương, cùng đại diện các hãng lữ hành trải nghiệm khảo sát các điểm du lịch sinh thái trên địa bàn các huyện Ngọc Hiển, Phú Tân và Trần Văn Thời.","Mũi Cà Mau - mảnh đất thiêng liêng nơi cực Nam Tổ
quốc mà mỗi người Việt Nam ai cũng ao ước một lần
đặt trên đến. Trong 2 ngày đi thực tế, đoàn
Famtrip đã khảo sát tuyến du lịch Đất Mũi (huyện
Ngọc Hiển) với các điểm: Mốc điểm cuối đường Hồ
Chí Minh, biểu tượng con tàu Mũi Cà Mau, Đền thờ
Lạc Long Quân và Tượng Mẹ, Cột cờ Hà Nội tại Mũi
Cà Mau, mốc tọa độ quốc gia GPS 0001, biểu tượng
con Cua Cà Mau; tuyến du lịch xuyên rừng ra bãi
bồi thuộc Vườn Quốc gia Mũi Cà Mau; tuyến Đất Mũi
- bãi nghêu Khai Long thuộc ấp Rạch Thọ, xã Đất
Mũi. Chụp ảnh lưu niệm tại mốc tọa độ quốc gia GPS
0001 trên đất liền lãnh thổ Việt Nam tại Mũi Cà
Mau. Làng rừng Đất Mũi nằm trong Vườn Quốc gia Mũi
Cà Mau là điểm đến thú vị. Bãi nghêu Khai Long -
điểm hấp dẫn của du lịch trải nghiệm trong hành
trình khám phá Mũi Cà Mau. Tại đây, các thành viên
đoàn tham gia các hoạt động trải nghiệm tại một số
điểm du lịch cộng đồng ở Đất Mũi như: Đờn ca tài
tử, bắt ba khía ban đêm, đặt lợp cua, giăng lưới
bắt cá,... Đoàn khảo sát bãi bồi mũi Cà Mau – nơi
bảo tồn các giống loài thủy sản. Các thành viên
đoàn Famtrip trải nghiệm bắt ba khía tại Điểm du
lịch sinh thái Hoàng Hôn, xã Đất Mũi, huyện Ngọc
Hiển. Sau khi rời Đất Mũi, đoàn khảo sát Khu nghỉ
dưỡng Ozon, xã Hàm Rồng, huyện Năm Căn; tham quan
Khu di tích lịch sử - văn hóa Căn cứ Tỉnh uỷ tại
Xẻo Đước, xã Phú Mỹ, huyện Phú Tân; tham quan,
trải nghiệm tại Đầm Thị Tường và kết thúc hành
trình tại điểm Du lịch cộng đồng Sáu Sal, ấp Tân
Lợi, xã Phong Lạc, huyện Trần Văn Thời. Đoàn
Famtrip tham quan Di tích lịch sử Khu căn cứ Tỉnh
ủy tại Xẻo Đước, xã Phú Mỹ, huyện Phú Tân. Thưởng
thức ẩm thực tại điểm du lịch cộng đồng Sáu Sal,
ấp Tân Lợi, xã Phong Lạc, huyện Trần Văn Thời.
Theo đánh giá của hầu hết các thành viên trong
đoàn, du lịch Cà Mau là điểm đến hấp dẫn đối với
du khách. Cảnh quan thiên nhiên tươi đẹp, con
người Cà Mau thân thiện, mến khách; du lịch sinh
thái còn rất nhiều tiềm năng; ẩm thực rất ngon,
độc đáo, mang tính đặc trưng của vùng đất Mũi Cà
Mau; những sản phẩm OCOP được du khách ưa chuộng…
Chương trình Famtrip đã tạo điều kiện cho các
doanh nghiệp lữ hành trực tiếp khám phá tài
nguyên, sản phẩm và dịch vụ du lịch của Cà Mau để
nghiên cứu kết nối tour, tuyến du lịch giữa các
công ty lữ hành với các địa phương, từ đó thúc đẩy
du lịch Cà Mau phát triển. Đầm Thị Tường – một
trong những dự án du lịch đang mời gọi đầu tư của
tỉnh Cà Mau. Trao đổi với đoàn Famtrip, ông Trần
Hiếu Hùng, Giám đốc Sở Văn hoá, Thể thao và Du
lịch, thay mặt ngành du lịch Cà Mau chân thành cảm
ơn đoàn đã tham gia thực tế tại một số điểm du
lịch trên địa bàn tỉnh. Ông Trần Hiếu Hùng đồng
thời thông tin với đoàn một số dự án phát triển du
lịch của tỉnh, trong đó có những dự án lớn, dự án
chiến lược như dự án phát triển du lịch Đầm Thị
Tường đang được triển khai, mời gọi đầu tư. Giám
đốc Sở Văn hoá, Thể thao và Du lịch cũng chia sẻ,
trong giai đoạn hiện nay, Cà Mau đang khai thác du
lịch trên những gì hiện có và trong khả năng trình
độ quản lý của người làm du lịch ở tỉnh nặng về du
lịch sinh thái, du lịch cộng đồng. Chương trình
đoàn Famtrip lần này cố gắng mang đến cho đoàn
những trải nghiệm tốt nhất có thể, với mong muốn,
qua chuyến đi từ rừng đước sang rừng tràm, đoàn có
những tư vấn cũng như động viên, khuyến khích để
các hộ dân làm du lịch, các điểm du lịch làm tốt
hơn trong việc thu hút du khách./. Huỳnh Lâm"
16,Tổng thu kỳ nghỉ lễ Quốc khánh trên 77 tỷ đồng,"Thông tin từ Sở Văn hoá - Thể thao và Du lịch Cà Mau, kỳ nghỉ lễ Quốc khánh 2/9 năm nay (tính từ ngày 31/8 đến 9 giờ sáng ngày 3/9) Cà Mau đón hơn 61.400 lượt khách, trong đó có 211 lượt khách quốc tế, tăng 7,12% so với cùng kỳ 2023. Theo đó, tổng thu trong kỳ nghỉ là 77,6 tỷ đồng, tăng 4,12% so với cùng kỳ năm 2023.","Khu Du lịch Quốc gia Mũi Cà Mau luôn là điểm đến
hấp dẫn du khách gần xa. (Ảnh do Vườn Quốc gia Mũi
Cà Mau cung cấp) Theo số liệu thống kê, Khu Du
lịch Quốc gia Mũi Cà Mau thu hút đông lượng khách
nhất với hơn 11.600 lượt; các hộ du lịch cộng đồng
tại Đất Mũi đón hơn 10.300 lượt. Tiếp đến là Khu
Di tích lịch sử văn hoá Quốc gia Hòn Đá Bạc với
hơn 6.000 lượt khách; điểm du lịch Hương Tràm đón
hơn 2.300 lượt; khu du lịch sinh thái Thư Duy hơn
2.100 lượt; khu du lịch sinh thái Cà Mau Eco đón
hơn 2.000 lượt… Một số điểm di tích, trải nghiệm
khác như Vườn cò Tư Sự, đầm Thị Tường… tổng lượt
khách hơn 7.300 lượt. Ngoài ra, các hoạt động vui
chơi, giải trí, tham quan mua sắm tại Hội chợ ""Chợ
Quê"", Nhà Thiếu nhi tỉnh, Ngày hội Bánh dân gian
tại huyện Đầm Dơi và một số điểm vui chơi giải trí
về đêm khác tại TP Cà Mau... cũng đã thu hút hơn
30.000 lượt khách. Qua đánh giá chung của Sở Văn
hoá – Thể thao và Du lịch, dịp lễ này mặc dù thời
tiết khá bất lợi do có mưa nhiều, song các khu,
điểm du lịch, các khu vui chơi giải trí đã tổ chức
tốt các hoạt động, dịch vụ phục vụ khách, nhất là
việc mở rộng, nâng cấp và phát triển thêm sản phẩm
mới, tạo sự thu hút du khách. Bên cạnh đó, việc
niêm yết và bán đúng giá niêm yết kết hợp sự đa
dạng sản phẩm ẩm thực, mua sắm, cam kết chất
lượng, tạo sự an tâm đối với du khách khi đến tham
quan, trải nghiệm, mua sắm... Song song đó, các
địa phương đã chủ động tổ chức tốt các hoạt động
văn hoá, thể thao, vui chơi, giải trí phục vụ tham
quan du lịch, mua sắm, trải nghiệm; dịch vụ vận
chuyển cũng được quan tâm tăng cường về số lượng,
nâng cao chất lượng, nhờ đó tổng lượt khách tăng
hơn so với cùng kỳ 2023. Băng Thanh"
17,Trải nghiệm không gian xanh,"Cà Mau từ lâu đã nổi tiếng với các điểm du lịch sinh thái tuyệt đẹp của rừng, của biển, của những di tích văn hoá, lịch sử. Không những thế, Cà Mau ngày nay còn có nhiều điểm khám phá mới, đó là những công viên ấn tượng được xây dựng ở các địa phương trong tỉnh.","Trong nhịp sống đô thị hối hả, tấp nập và nhộn
nhịp, bạn hãy tìm đến những công viên thanh bình
và yên tĩnh để tản bộ, thư giãn trong không gian
xanh, để cảm thấy thư thái, dễ chịu hơn sau những
ngày lao động vất vả. Khu tưởng niệm Chủ tịch Hồ
Chí Minh (Phường 1, TP Cà Mau) từ lâu trở thành
một địa điểm không thể thiếu trong các tour du
lịch Cà Mau, với khuôn viên thoáng mát, nhiều cây
xanh, đặc biệt có một vườn chim giữa lòng thành
phố. Múa dân vũ trong Công viên văn hoá Hùng Vương
(TP Cà Mau). Trong lòng TP Cà Mau có nhiều công
viên như: Công viên văn hoá Hùng Vương, Công viên
Hồng Bàng… là những địa điểm lý tưởng để tản bộ,
thể dục vào buổi sáng sớm hay chiều tà. Ðọc sách
thư giãn. Ghi lại khoảnh khắc bên gia đình. Công
viên Thới Bình nằm ngay ngã ba Sông Trẹm - nơi gắn
liền với mối tình nổi tiếng một thời Triệu Vĩ - Mĩ
Lan trong tiểu thuyết “Bên dòng Sông Trẹm” của
Dương Hà. Công viên cây xanh ở huyện U Minh. Công
viên Phan Ngọc Hiển (huyện Năm Căn) gây ấn tượng
sâu sắc cho du khách khi trong khuôn viên có đặt
Tượng đài Khởi nghĩa Hòn Khoai do anh hùng Phan
Ngọc Hiển lãnh đạo. Đây là không gian xanh yên
tĩnh được tô điểm bởi những tác phẩm điêu khắc
tuyệt đẹp. Công viên Cái Nước nép mình nơi 4 sông,
có hướng nhìn ngắm toàn cảnh chợ Cái Nước và khu
đền thờ Bác Hồ, trông thật thanh bình, mát mẻ.
Huỳnh Lâm thực hiện"
18,Phát triển du lịch dưới tán rừng,"Tận dụng điều kiện tự nhiên sẵn có ở địa phương, thời gian qua, nhiều hộ dân trên địa bàn xã Khánh Thuận, huyện U Minh, đã hình thành nên các điểm du lịch, dịch vụ trải nghiệm hấp dẫn dưới tán rừng, với mục tiêu vừa làm kinh tế du lịch vừa gắn với bảo vệ “lá phổi xanh” theo hướng phát triển bền vững.","Tươi mới khu du lịch sông trẹm Khu Du lịch Sông
Trẹm, Ấp 17, xã Khánh Thuận, đang được du khách
quan tâm. Ông Trần Hoàng Khởi, Trưởng ban Quản lý
Khu Du lịch, chia sẻ: “Ðược tỉnh đầu tư nâng cấp,
mở rộng tuyến lộ từ cầu Chữ Y vào khu du lịch đã
tạo điều kiện thuận lợi để du khách vào tham quan
tại đây nhiều hơn”. Từ đầu năm đến nay, Khu Du
lịch Sông Trẹm đón trên 10 ngàn lượt khách. Với
diện tích rừng trên 110 ha, Ban Quản lý dành 12 ha
đầu tư cho phát triển du lịch. Ðể đáp ứng nhu cầu,
thị hiếu của du khách, Khu Du lịch Sông Trẹm đang
hình thành nên những tour, tuyến bài bản, đầu tư
nuôi hươu cao cổ, đà điểu và nhiều loài động vật
hoang dã khác. Nắm bắt nhu cầu của du khách, khu
du lịch này hiện nay tạo ra được nhiều điểm mới,
góp phần đa dạng sắc màu du lịch dưới tán rừng,
như đầu tư tuyến đường hoa mua tím, tuyến đi bộ
xuyên rừng, tuyến đường sơ ri... Tuyến đi bộ trải
nghiệm dưới tán rừng hơn 40 năm tuổi. “Ðặc biệt,
để phục vụ nhu cầu tham quan của du khách khi đến
đây trải nghiệm, đơn vị lập 2 tuyến xuyên rừng,
bằng phà và vỏ máy. Ðối với tuyến xuyên rừng bằng
phà, du khách có thể dùng bữa trên phà, rồi giao
lưu đờn ca tài tử giữa không an yên bình. Còn
tuyến xuyên rừng bằng vỏ máy, mấy tháng trước
không khai thác vì nắng hạn, nước dưới kênh khô
cạn; hiện đang là mùa mưa, mực nước dưới kênh đảm
bảo cho di chuyển và đã có nhiều đoàn khách trải
nghiệm bằng hình thức này, qua ghi nhận du khách
rất thích thú”, ông Khởi chia sẻ. Du khách có thể
tham quan, xuyên rừng bằng vỏ lãi. Ðà điểu được
nuôi trong Khu Du lịch Sông Trẹm thích nghi tốt
với khí hậu, thổ nhưỡng vùng đất U Minh Hạ. Ðến
với Khu Du lịch Sông Trẹm, du khách cảm thấy mê
đắm trước vẻ đẹp của những cánh rừng còn nguyên
vẹn nét hoang sơ. Theo ghi nhận, đa phần khách đến
đây tham quan, du lịch là khách đoàn, nhiều hơn
khách lẻ. Nhu cầu tổ chức sự kiện thời gian gần
đây cũng nhiều, nhưng tại khu du lịch chưa có điểm
để tổ chức sự kiện lớn. Ðể đáp ứng nhu cầu của du
khách, Ban Quản lý đang làm việc với bên tư vấn để
xúc tiến xây dựng khu tổ chức sự kiện và sẽ khởi
công, đến cuối năm 2024 thì có thể đưa vào sử
dụng. Khu này có thể nhận tổ chức tiệc, sự kiện,
tiệc cưới... “Khu Du lịch Sông Trẹm có thế mạnh là
hệ sinh thái rừng tràm trên 40 năm tuổi, dưới tán
rừng đa dạng loài động thực vật, là “vườn thú” lớn
nhất của tỉnh. Hướng tới, chúng tôi sẽ phát triển
khu du lịch theo hướng là nơi vui chơi, nghỉ
dưỡng, lưu trú cho du khách, làm sao có thể níu
chân được du khách khi đặt chân đến đây”, ông Khởi
tâm huyết. Mô hình du lịch mới Những ngày này,
vườn nho Minh Duy, Ấp 15, thu hút được nhiều du
khách đến đây tham quan, trở thành điểm dừng chân
lý tưởng cho du khách trong và ngoài tỉnh. Vườn
nho Minh Duy nằm cách trung tâm thị trấn U Minh
chỉ hơn 3 km, đường lộ xe lớn nên thuận lợi cho du
khách về đây tham quan, du lịch. Ông Nguyễn Minh
Hiếu, chủ vườn nho, chia sẻ: “Ban đầu tôi cũng
không định làm du lịch gì đâu, chỉ là tận dụng 30%
diện tích đất lâm nghiệp trồng nho, thêm cây ăn
trái để cuối tuần cho con cái về đây nghỉ dưỡng,
hưởng không khí trong lành. Nhưng đến khi nho ra
trái thì mọi người bảo tôi nên mở cho người dân
vào tham quan. Bước đầu, thu hút rất nhiều lượt
khách đến đây trải nghiệm”. Cây nho đã bén đất
rừng U Minh Hạ, trở thành đối tượng săn đón của du
khách. Nếu trước đây muốn tham quan vườn nho thì
phải ra đến Ninh Thuận, giờ trên vùng đất nhiễm
phèn, mặn Cà Mau, du khách có thể tham quan, hái
trái tại vườn. Vườn nho Minh Duy là vườn nho thứ
hai được trồng thành công ở Cà Mau, đáp ứng nhu
cầu tham quan của du khách trong và ngoài tỉnh.
Hiện nay, du lịch nội địa là lựa chọn của nhiều hộ
gia đình. Chị Diệp Trúc Linh, Ấp 2, xã Khánh Tiến,
chia sẻ: “Hè này mấy đứa con tôi đòi đi du lịch,
nhưng đi xa thì chi phí cho vé tàu, vé xe cao quá,
gia đình kham không nổi. Cho nên, tôi chọn cho bọn
trẻ đi chơi vòng vòng các điểm du lịch trong tỉnh,
vừa tiện, chi phí không quá đắt đỏ, mà còn giúp
bọn trẻ hiểu hơn về quê hương Cà Mau của mình”.
“Du khách đến đây đa phần là người dân trên địa
bàn huyện và các huyện của tỉnh Kiên Giang. Du
khách vừa tham quan vừa được thưởng thức tại chỗ
giống trái cây sạch. Vì mới vụ đầu nên chưa đáp
ứng được nhu cầu mua về của khách. Thời gian tới,
tôi dự định trồng thêm 100 gốc nho sữa. Hiện vườn
nho có 3 giống, là nho sữa, nho hạ đen và giống
nho hồng ngọc. Mỗi loại cho trái khác nhau, nên
nếu phát triển du lịch thì thời gian tới tôi có
thể chủ động thời gian ra trái của cây để phục vụ
nhu cầu của du khách”, ông Hiếu chia sẻ. Ông Phạm
Quốc Thiện, Phó chủ tịch UBND xã Khánh Thuận, phấn
khởi: “Trên địa bàn xã có 3 điểm du lịch sinh
thái. Những năm qua, hoạt động du lịch dưới tán
rừng có sự phát triển rõ nét, lượt khách đến tham
quan du lịch ngày càng tăng. Cơ sở hạ tầng từng
bước được phát triển, dịch vụ du lịch từng bước
được cải thiện, đáp ứng nhu cầu của du khách"". Lộ
được đầu tư, mở rộng, tạo điều kiện cho du khách
về tham quan, du lịch. ""So với những địa phương
khác thì du lịch sinh thái của xã mới bắt đầu,
thời gian tới cần hoàn thiện rất nhiều để thu hút
du khách. Chính quyền địa phương sẽ hỗ trợ các hộ
dân, tạo điều kiện cho doanh nghiệp đầu tư phát
triển du lịch. Ðồng thời, kết nối với các điểm du
lịch ở địa phương khác để phát triển tour, tuyến,
nhằm thu hút được nhiều du khách về đây”, ông
Thiện chia sẻ thêm./. Kim Cương"
19,Khu lưu niệm Chủ tịch Hội đồng Bộ trưởng Phạm Hùng,"Đất Vĩnh Long đã sinh ra những nhân tài ưu tú nước Việt: Chủ tịch Hội đồng Bộ trưởng Phạm Hùng (1912-1988), Giáo sư - Viện sĩ Trần Ðại Nghĩa (1913-1997), Thủ tướng Chính phủ Võ Văn Kiệt (1922-2008)... Những ai có dịp về với vùng đất địa linh nhân kiệt này không quên dừng chân tại Khu lưu niệm đồng chí Phạm Hùng để tham quan, thành kính thắp hương tri ân, tưởng nhớ người con ưu tú của dân tộc.","Trong suốt quá trình tham gia cách mạng, đấu
tranh giải phóng dân tộc, đồng chí Phạm Hùng đã bị
địch bắt giam cầm 33 năm, trong đó có 14 năm bị tù
đày khổ sai nơi địa ngục trần gian ở nhà tù Côn
Ðảo. Ðồng chí Phạm Hùng từng giữ nhiều chức vụ
quan trọng: Bí thư Trung ương Cục miền Nam
(1967-1975); Bộ trưởng Bộ Nội vụ (2/1980); Chủ
tịch Hội đồng Bộ trưởng (1987-1988). Ðồng chí từ
trần ngày 10/3/1988. Ðể tưởng nhớ công lao to lớn
của ông, ngày 2/10/2000, tỉnh Vĩnh Long đã khởi
công xây dựng Khu lưu niệm Chủ tịch Hội đồng Bộ
trưởng Phạm Hùng, tại ấp Long Thuận A, xã Long
Phước, huyện Long Hồ. Khu lưu niệm nhìn từ trên
cao, những vườn cây xanh mát, xung quanh là nhà
dân, như sự đùm bọc chở che đồng chí trong những
năm kháng chiến. Công trình có diện tích 3,2 ha,
cổng chính hướng về Quốc lộ 53, bên trái là gian
nhà lễ tân đón tiếp khách đến tham quan. Trung tâm
là Nhà tưởng niệm rộng 1.050 m2 dành để tiếp đón
các đoàn và Nhân dân đến thắp hương tưởng niệm.
Phía sau cùng là Nhà trưng bày hình ảnh, tư liệu,
hiện vật “Thân thế và sự nghiệp của đồng chí Phạm
Hùng”. Nhà tưởng niệm rộng 1.050 m2, dành để tiếp
đón các đoàn và Nhân dân đến thắp hương, tưởng
niệm. Ngoài ra, còn có một số hạng mục được phục
chế theo tỷ lệ 1/1, gồm: Phòng biệt giam đồng chí
Phạm Hùng tại Côn Ðảo từ 1934-1945; ngôi nhà làm
việc của đồng chí tại căn cứ Trung ương Cục miền
Nam (tỉnh Tây Ninh, từ năm 1967 đến ngày
30/4/1975) và căn phòng làm việc của đồng chí tại
Số 72, Phan Ðình Phùng - Hà Nội (từ 1958-1967 và
1978-1988). Tượng đồng chí Phạm Hùng tại nhà trưng
bày. Phòng biệt giam đồng chí Phạm Hùng tại Côn
Ðảo (từ năm 1934-1945), được tái hiện tại Khu lưu
niệm. Tranh trưng bày hình ảnh các đồng chí tham
gia Chiến dịch Giải phóng Sài Gòn - Gia Ðịnh. Khu
lưu niệm Chủ tịch Hội đồng Bộ trưởng Phạm Hùng
được xếp hạng là Di tích Lịch sử Quốc gia ngày
6/6/2012 và năm 2015 được Hiệp hội Du lịch Ðồng
bằng sông Cửu Long công nhận là điểm du lịch tiêu
biểu vùng Đồng bằng sông Cửu Long. Theo Ban Quản
lý Di tích, hằng năm, Khu lưu niệm đón nhiều đoàn
khách là lãnh đạo Ðảng, Nhà nước, các bộ, ngành
Trung ương, lãnh đạo địa phương và Nhân dân đến
viếng. Nơi đây đã trở thành điểm đến tham quan,
địa chỉ đỏ giáo dục truyền thống cách mạng cho
Nhân dân và thế hệ trẻ. Vào những dịp lễ, Tết, các
lực lượng vũ trang, đoàn viên thanh niên, học
sinh, sinh viên về hoạt động ngoại khoá, học tập,
tham quan, tìm hiểu thực tế, tổ chức kết nạp đảng
viên, đoàn viên, hội viên... Huỳnh Lâm thực hiện"
20,Thú vị chèo SUP,"Hoạt động chèo SUP thời gian gần đây được du khách trải nghiệm khi du lịch trên biển. Tại các đảo của tỉnh Kiên Giang, chèo SUP là một trong những điểm nhấn của các tour du lịch.","Tại đảo Hòn Sơn, xã Lại Sơn, huyện Kiên Hải, tỉnh
Kiên Giang, hoạt động chèo SUP được tổ chức khoảng
2 năm qua. Ðến đây, ngoài tham quan, thưởng thức
hải sản; hay lặn ngắm san hô, bắt ốc, săn cá...
thì chèo SUP được du khách yêu thích. Chỉ mất
khoảng 5 phút ngồi trên ghe là du khách có thể đến
các bãi chèo SUP được người dân bố trí. Anh Nguyễn
Phước Lộc, huyện Phú Tân, tỉnh An Giang, chia sẻ:
“Lần đầu tiên tôi trải nghiệm hoạt động chèo SUP;
đây là môn thể thao bổ ích. Trò chơi này mình có
thể lênh đênh trên biển cùng với tất cả mọi người;
đi đoàn đông giúp chúng ta trải nghiệm vui hơn.
Trong dịp sau, gần Tết, tôi sẽ quay lại đây lần
nữa”. Sau khi lên ghe, du khách được hướng dẫn
viên trang bị giày, bảo vệ chân khỏi các phiến đá
ngầm, đồng thời dễ di chuyển khi tham gia các hoạt
động chèo SUP. Khi tham gia hoạt động chèo SUP, du
khách được trang bị 1 kính lặn, áo phao; quá trình
chuẩn bị được người dân, hướng dẫn viên phổ biến
để đảm bảo an toàn. Thuyền chèo SUP có thể chở từ
2 đến 3 người và được các bạn hướng dẫn viên giám
sát trong suốt quá trình diễn ra hoạt động. Bên
cạnh việc chèo, du khách có thể lặn xuống biển để
ngắm các bãi đá ngầm, san hô, các loài cá... Ðây
là những trải nghiệm níu chân du khách khi đến với
Hòn Sơn. Du khách bắt buộc phải mặc áo phao khi
tham gia trò chơi. Chị Hoàng Thị Loan, TP Rạch
Giá, tỉnh Kiên Giang, bộc bạch: ""Tôi thấy ở Hòn
Sơn rất đẹp, người bị stress công việc, học tập,
đến đây rất hợp lý. Mọi người hãy tham quan ở đây
vài ngày sẽ biết được cảm nhận. Tôi tham gia chèo
SUP lần đầu nhưng rất thích. Khi chèo, mình vận
động được cơ thể, cảm thấy khoẻ, vui và thoải mái
hơn”. Chèo SUP là môn thể thao cần sự thăng bằng
và thể hiện tính đồng đội. Chèo SUP có nguồn gốc
tại Hawaii (tiểu bang của Hoa Kỳ), phát triển và
lan rộng trong nhiều năm trở lại đây ở những điểm
du lịch biển. Ở Việt Nam, bộ môn này được nhiều
bạn trẻ yêu thích. Chèo SUP giúp rèn luyện sức bền
của cơ bắp, khả năng giữ thăng bằng trên mặt nước,
gắn kết tình đồng đội và mang đến nhiều trải
nghiệm thú vị. Sau khi chèo SUP, du khách được
trải nghiệm lặn để bắt ốc, ngắm sinh vật biển…
Nhật Minh thực hiện"
